num_kills,total_weight
2,3.7085531354
0,3.7085531354
0,3.7085531354
0,3.7085531354
