num_kills,total_weight,path_length,exp_num
,mean_edges_importance,std_edges_importance3,4536.44614744,0.146495726028,0
,1343.89569929,3028.774627763,4424.14210081,0.149701013001,0
,1290.65265905,2875.508996655,4332.20459643,0.154106793261,0
,1247.76112002,2785.172167322,4285.62431809,0.155803189072,0
,1234.61674406,2819.381387423,4186.90263358,0.160162302898,0
,1185.15304631,2723.1796509