count_steps,num_kills,total_weight,path_length,exp_num,mean_edges_importance,std_edges_importance 
,1,0,6298.35001594,0.100848719679,0,2396.43058042,3541.79243012
,2,0,6136.50688517,0.103645084857,0,2298.13801968,3526.24990552
,3,0,0,0,0,0,0
,1,0,6280.44314975,0.101222669824,1,2371.68662714,3470.57481767
,2,0,6150.43212613,0.102600665325,1,2284.63659764,3437.46164236
,3,0,0,0,1,0,0
,1,0,6309.27439594,0.101360515163,2,2404.14099653,3550.7855763
,2,0,6197.15234482,0.102948930852,2,2326.9199662,3557.58254055

