num_kills,total_weight
,pathlength0,5936.20132333
,0.1063454441130,5835.75930956
,0.108488082273