num_kills,total_weight,path_length
0,2113.37499243,0.0
0,2076.19404987,0.0
0,2039.13071272,0.0
0,2002.98492697,0.0
